pdb_id,mutation,ddg,fea
1AMQ,CA191Y,-2.3,"[ 0.28208864 -0.24870577 -0.21347062 ... -0.01355479  0.01360378
  0.00092816]"
1AMQ,CA191F,-1.6,"[ 0.28208864 -0.24870586 -0.2134706  ...  0.03737615  0.00069691
 -0.00863475]"
1AMQ,CA191W,-3.9,"[ 0.28208864 -0.24870571 -0.2134706  ... -0.04213329  0.01275794
  0.00600451]"
1AMQ,CA191S,-1.9,"[ 0.28208867 -0.24870569 -0.21347071 ...  0.02966589  0.0030751
 -0.00386971]"
1BNI,FA7L,-4.1,"[ 0.2581881  -0.04698807 -0.1308742  ... -0.03686154  0.00054172
 -0.00434107]"
1BNI,LA14A,-4.5,"[ 0.30094808 -0.300272   -0.09864794 ...  0.08115263 -0.01776736
 -0.02993768]"
1BNI,TA26A,-1.7,"[ 0.44390023 -0.17488462 -0.08371612 ... -0.1053037  -0.00278855
  0.00551647]"
1BNI,IA51V,-1.1,"[ 0.23812598 -0.44748855 -0.23506095 ...  0.00414856 -0.00096624
 -0.00192219]"
1BNI,IA76A,-1.7,"[ 0.2689156  -0.32076985 -0.1849355  ...  0.1027987  -0.00832742
 -0.01398802]"
1BNI,IA76V,-1.0,"[ 2.6891559e-01 -3.2076988e-01 -1.8493555e-01 ...  3.0566042e-02
  2.0537674e-03  1.9949675e-04]"
1BNI,YA78F,-1.1,"[ 0.2678394   0.23303163 -0.09591563 ... -0.01736734  0.00051534
  0.00897145]"
1BNI,IA88A,-4.0,"[ 0.17647092 -0.40659037 -0.22531016 ...  0.0231898  -0.0036916
 -0.00955772]"
1BNI,IA88V,-1.6,"[ 1.7647089e-01 -4.0659028e-01 -2.2531010e-01 ...  1.5516952e-04
  6.9551542e-04 -1.7268658e-03]"
1BNI,LA89V,-0.5,"[ 0.22427414 -0.29674354 -0.13176028 ... -0.00574271  0.00059849
 -0.00334573]"
1BNI,SA91A,-1.8,"[ 0.37301952 -0.11964005 -0.08609422 ... -0.09856173  0.00214217
  0.0106321 ]"
1BNI,IA96A,-3.2,"[ 0.2352666  -0.43379068 -0.24239515 ...  0.02555264 -0.00931328
 -0.00814217]"
1BNI,IA96V,-0.9,"[ 0.23526658 -0.4337907  -0.24239509 ...  0.01354373  0.00116377
 -0.00112039]"
1CEY,DA12A,2.5,"[ 0.16321129 -0.16076845 -0.07890227 ... -0.0423855   0.00086497
  0.01220149]"
1CEY,DA13A,2.7,"[ 0.25977677 -0.21831447 -0.06764315 ... -0.01499245 -0.01225945
 -0.0070681 ]"
1CEY,DA57A,3.3,"[ 0.26606783 -0.1730901   0.05877902 ... -0.02229976 -0.00340788
  0.00395566]"
1EY0,TA22C,-0.9,"[ 4.2399651e-01 -2.1303275e-01 -6.1296135e-02 ... -3.6805611e-02
 -1.0211423e-02 -1.6611814e-04]"
1EY0,TA22V,-0.9,"[ 0.42399654 -0.21303275 -0.06129618 ... -0.10751405  0.00418645
  0.00859183]"
1EY0,VA23L,-0.1,"[ 0.33713457 -0.44533074 -0.14638792 ... -0.02164674  0.0041114
  0.00904334]"
1EY0,LA25I,-1.7,"[ 0.24983576 -0.27490014 -0.13612603 ... -0.00559103 -0.00577104
 -0.00848931]"
1EY0,TA33V,0.4,"[ 0.37178683 -0.17730051 -0.05076627 ... -0.10768392  0.00460732
  0.00969464]"
1EY0,TA41C,0.6,"[ 0.4453314  -0.12793374 -0.00939731 ... -0.05931188 -0.00706546
  0.00651407]"
1EY0,TA41I,0.7,"[ 0.44533136 -0.12793368 -0.00939734 ... -0.11776381  0.0030738
  0.01369894]"
1EY0,TA41S,-1.1,"[ 0.4453314  -0.12793368 -0.00939734 ... -0.00416918 -0.0004497
 -0.00061345]"
1EY0,TA41V,0.8,"[ 0.44533134 -0.12793368 -0.00939733 ... -0.09084658  0.00344931
  0.00929916]"
1EY0,TA44V,0.1,"[ 0.52120036 -0.21668747 -0.07434167 ... -0.15261562  0.00647846
  0.01768142]"
1EY0,SA59A,0.5,"[ 0.43998298 -0.10685998 -0.03232257 ... -0.05913807 -0.00096656
  0.0043624 ]"
1EY0,TA62S,-2.1,"[ 0.45820126 -0.10979384 -0.06373127 ... -0.10895811  0.00461669
  0.01454836]"
1EY0,TA62V,-0.2,"[ 0.45820132 -0.10979384 -0.06373128 ... -0.20478515  0.01048375
  0.02825195]"
1EY0,VA66I,-1.0,"[ 0.35144746 -0.49034172 -0.15196793 ... -0.01745474 -0.00210842
 -0.00304115]"
1EY0,VA66L,-0.3,"[ 0.35144746 -0.49034178 -0.1519679  ... -0.00960648 -0.00117253
  0.00214291]"
1EY0,VA66K,-7.5,"[ 3.5144746e-01 -4.9034172e-01 -1.5196796e-01 ... -5.5178076e-02
 -9.5561147e-05  1.6389430e-02]"
1EY0,IA72L,-0.2,"[ 0.23708493 -0.427598   -0.23548184 ...  0.0047766   0.00061058
  0.00353003]"
1EY0,IA72V,-1.2,"[ 2.3708491e-01 -4.2759800e-01 -2.3548190e-01 ...  1.1586085e-02
  3.6395974e-03  2.6339293e-04]"
1EY0,TA82S,-0.7,"[ 4.6996698e-01 -2.9376066e-01 -2.4498463e-02 ... -1.9293360e-02
 -3.1357482e-03  1.8775463e-05]"
1EY0,IA92V,-0.4,"[ 2.4132341e-01 -4.4027513e-01 -2.1606795e-01 ...  1.1572003e-02
  1.4848746e-03  3.8015842e-04]"
1EY0,KA116G,1.0,"[ 0.25721893  0.00128943 -0.05446392 ...  0.04252739 -0.02310511
 -0.00508815]"
1EY0,PA117A,0.8,"[ 0.59284395 -0.21712267 -0.06915437 ... -0.03711605  0.00806912
  0.00463116]"
1EY0,PA117G,0.9,"[ 0.59284383 -0.21712267 -0.06915449 ... -0.08247817  0.00164269
  0.02135766]"
1EY0,PA117T,1.1,"[ 0.5928439  -0.21712273 -0.06915444 ...  0.09233785  0.01101827
 -0.00322831]"
1EY0,TA120C,-1.7,"[ 0.5606956  -0.14912885  0.003714   ... -0.08753531 -0.00876072
  0.01108879]"
1EY0,TA120S,-0.6,"[ 0.5606955  -0.14912891  0.00371397 ... -0.0210322  -0.00389116
 -0.00128031]"
1EY0,TA120V,-1.8,"[ 0.5606955  -0.14912897  0.00371395 ... -0.17732209  0.01134538
  0.02582341]"
1EY0,SA128A,0.7,"[ 0.39310718 -0.17471719 -0.03477423 ... -0.03470416 -0.005868
 -0.0128268 ]"
1IHB,FA71N,0.7,"[ 0.16149296 -0.04340082 -0.1412582  ...  0.11271261 -0.00442341
 -0.0150919 ]"
1IHB,FA82Q,-0.4,"[ 0.12567346 -0.02412766 -0.123531   ... -0.0067303   0.00445315
 -0.00389129]"
1IHB,FA92N,-1.1,"[ 0.21194696 -0.02792311 -0.12929775 ...  0.06145544 -0.00085767
 -0.00575167]"
1IOB,TA9G,-2.6,"[ 0.40169924 -0.22607458 -0.06999795 ... -0.09764063 -0.0102137
  0.0123226 ]"
1L63,MA6A,-1.9,"[ 2.27723435e-01 -2.16411203e-01 -1.12459466e-01 ...  2.02633124e-02
 -1.41779333e-03 -1.56044960e-04]"
1L63,MA6L,-2.8,"[ 0.22772345 -0.21641123 -0.1124595  ...  0.00408293  0.00322342
  0.00585228]"
1L63,EA11H,0.1,"[ 0.26322547 -0.22705358 -0.06612864 ... -0.02351176 -0.00198762
  0.0035913 ]"
1L63,EA11N,-0.1,"[ 0.2632255  -0.22705358 -0.0661286  ...  0.03597809 -0.00572787
 -0.00195253]"
1L63,IA17A,-2.7,"[ 0.23496775 -0.4014486  -0.17162563 ...  0.02739858 -0.00965164
 -0.012923  ]"
1L63,DA20A,-0.3,"[ 0.2352608  -0.185179   -0.03978591 ... -0.01250968 -0.01321901
 -0.01509285]"
1L63,DA20N,1.3,"[ 0.23526084 -0.18517911 -0.03978595 ...  0.04762217 -0.00714119
 -0.00544155]"
1L63,DA20S,0.7,"[ 0.23526083 -0.18517902 -0.03978585 ...  0.05758554 -0.00932712
 -0.00905836]"
1L63,IA27A,-3.1,"[ 0.23739228 -0.44833055 -0.20905097 ...  0.05323604 -0.00888627
 -0.01712137]"
1L63,IA27M,-3.1,"[ 0.23739232 -0.44833055 -0.209051   ...  0.08286941 -0.00556452
 -0.01630408]"
1L63,IA29A,-2.6,"[ 0.28735465 -0.37903494 -0.25130302 ... -0.00457297 -0.00150822
 -0.00062412]"
1L63,SA38N,-0.01,"[ 0.32830137 -0.12608284 -0.08142541 ... -0.11732507  0.01538607
  0.0340237 ]"
1L63,AA41S,-0.6,"[ 0.3052785  -0.0564996   0.03360735 ...  0.03194228  0.00274865
  0.01115388]"
1L63,AA42V,-2.7,"[ 0.31072083 -0.00737733  0.01658608 ... -0.06164933  0.00878831
  0.0049299 ]"
1L63,AA42S,-2.3,"[ 0.31072083 -0.00737733  0.01658608 ...  0.03899366  0.00196771
  0.00383252]"
1L63,KA43A,-1.0,"[ 0.21893081 -0.05936998 -0.04790755 ...  0.00908063 -0.01068615
 -0.01637077]"
1L63,SA44A,0.3,"[ 0.4148292  -0.2218185  -0.07851629 ... -0.08767693 -0.00047234
  0.0080092 ]"
1L63,SA44I,0.3,"[ 0.4148292  -0.22181848 -0.07851626 ... -0.1600197   0.00848962
  0.01116955]"
1L63,SA44L,0.4,"[ 0.41482922 -0.22181842 -0.07851627 ... -0.19492652  0.01540286
  0.03935611]"
1L63,SA44K,0.2,"[ 0.41482925 -0.22181845 -0.07851626 ... -0.18548356  0.01522044
  0.03989244]"
1L63,SA44E,0.001,"[ 0.4148292  -0.22181842 -0.07851629 ... -0.12996912  0.01589647
  0.02574885]"
1L63,SA44G,-0.5,"[ 0.41482922 -0.22181845 -0.07851626 ... -0.12490673 -0.01064439
  0.01953632]"
1L63,SA44R,0.2,"[ 0.41482922 -0.22181845 -0.07851629 ... -0.18620998  0.01453834
  0.04169011]"
1L63,SA44N,-0.1,"[ 0.4148292  -0.22181845 -0.07851629 ... -0.04877594  0.00955849
  0.02126986]"
1L63,SA44F,0.1,"[ 0.4148292  -0.22181842 -0.07851629 ... -0.10528755  0.00999257
  0.02827513]"
1L63,SA44P,-3.0,"[ 0.4148292  -0.22181842 -0.07851629 ...  0.06687352 -0.02613806
 -0.04012108]"
1L63,SA44T,0.01,"[ 4.1482922e-01 -2.2181845e-01 -7.8516304e-02 ...  3.7510470e-02
  3.4568831e-03 -3.8945675e-04]"
1L63,SA44V,0.1,"[ 0.4148292  -0.22181839 -0.07851632 ... -0.18750292  0.01444947
  0.02625519]"
1L63,LA46A,-1.9,"[ 0.28585607 -0.29571325 -0.09902005 ... -0.00514418 -0.00459667
 -0.0062561 ]"
1L63,DA47A,-1.0,"[ 0.3067462  -0.2246077   0.0073811  ... -0.08713891 -0.01391741
  0.0095439 ]"
1L63,AA49S,-0.5,"[ 0.21393766 -0.06557202  0.02757297 ...  0.05314397  0.00500268
 -0.00499457]"
1L63,IA50A,-2.0,"[ 0.23231956 -0.50061    -0.24181895 ...  0.06399772 -0.00699656
 -0.02015328]"
1L63,IA50M,-0.4,"[ 0.23231955 -0.50061    -0.24181895 ...  0.01034598  0.00256469
  0.01036376]"
1L63,IA58A,-3.2,"[ 0.26262897 -0.3406046  -0.23649846 ...  0.01934557 -0.00318078
 -0.00920773]"
1L63,IA58T,-3.4,"[ 0.26262897 -0.34060463 -0.23649846 ...  0.14655617 -0.00145772
 -0.00998926]"
1L63,TA59A,-1.5,"[ 0.4393372  -0.18814805 -0.07492217 ... -0.02604442 -0.01411559
 -0.01698226]"
1L63,TA59D,-1.2,"[ 0.43933716 -0.18814802 -0.07492214 ... -0.10047372  0.01157453
  0.02119142]"
1L63,TA59G,-1.6,"[ 0.4393372  -0.18814808 -0.07492216 ... -0.18095598 -0.00577423
  0.02759165]"
1L63,TA59N,-1.1,"[ 0.43933716 -0.18814802 -0.07492219 ... -0.0729513   0.00516119
  0.01259363]"
1L63,TA59S,-0.2,"[ 4.3933719e-01 -1.8814796e-01 -7.4922144e-02 ... -2.8632352e-02
 -3.5580397e-03 -2.2548437e-04]"
1L63,TA59V,-1.5,"[ 0.43933716 -0.18814805 -0.07492214 ... -0.21183732  0.00987853
  0.02146286]"
1L63,LA66M,-1.0,"[ 0.25315657 -0.33949527 -0.08763878 ...  0.0041035  -0.00126249
  0.00049835]"
1L63,FA67A,-1.9,"[ 0.22924301 -0.0345971  -0.12906136 ...  0.03735004 -0.00808478
 -0.0179351 ]"
1L63,DA72P,-2.7,"[ 0.2906884  -0.20425388 -0.01618996 ... -0.03528672 -0.02672931
 -0.01641363]"
1L63,AA73S,-0.4,"[ 0.18797421  0.04885298  0.04683794 ...  0.07245553  0.00391819
 -0.00285697]"
1L63,VA75T,-1.3,"[ 0.3921115  -0.4767676  -0.14253224 ...  0.14782378 -0.00657593
 -0.01362884]"
1L63,IA78A,-1.2,"[ 0.24629855 -0.4062207  -0.18144639 ...  0.07007077 -0.00222111
 -0.00727618]"
1L63,IA78M,-1.5,"[ 0.24629849 -0.4062208  -0.18144636 ...  0.01522804 -0.00111256
  0.00673968]"
1L63,IA78V,-0.8,"[ 2.4629851e-01 -4.0622076e-01 -1.8144636e-01 ...  2.8876316e-02
 -1.6910210e-04 -2.3095608e-03]"
1L63,AA82S,-0.3,"[ 0.3471243  -0.02262038  0.0163113  ...  0.10214241 -0.0004642
 -0.00757587]"
1L63,LA84A,-2.6,"[ 0.3960149  -0.22862935 -0.07472281 ...  0.06325535 -0.00956644
 -0.01792377]"
1L63,LA84M,-1.9,"[ 0.39601487 -0.22862941 -0.07472283 ...  0.00902684 -0.00260709
  0.00040048]"
1L63,VA87A,-1.7,"[ 0.35830256 -0.45441177 -0.14424284 ...  0.0437038  -0.00613976
 -0.00761777]"
1L63,VA87M,-2.3,"[ 0.35830253 -0.4544118  -0.14424302 ... -0.0159     -0.00234963
  0.0031454 ]"
1L63,VA87I,-0.3,"[ 3.5830262e-01 -4.5441175e-01 -1.4424296e-01 ... -2.9868847e-02
  3.2875687e-05 -1.0036826e-03]"
1L63,VA87T,-1.6,"[ 0.35830262 -0.45441183 -0.1442429  ...  0.16236433 -0.00587124
 -0.01627934]"
1L63,LA91A,-2.6,"[ 0.40614635 -0.29765928 -0.0835322  ...  0.04934439 -0.01429806
 -0.02441978]"
1L63,LA91M,-0.8,"[ 4.0614638e-01 -2.9765922e-01 -8.3532169e-02 ... -8.0826627e-03
 -3.7168823e-03  4.3869019e-05]"
1L63,DA92N,-1.4,"[ 0.20361449 -0.18573931 -0.03552797 ... -0.02488351 -0.0040479
  0.01114178]"
1L63,AA93S,-0.2,"[ 0.26598078 -0.12717289 -0.01206525 ...  0.07024427 -0.00284941
 -0.00595319]"
1L63,AA98C,-1.0,"[ 0.2727953   0.07519418 -0.00959727 ...  0.03375169 -0.00628974
 -0.0064016 ]"
1L63,AA98L,-4.3,"[ 0.2727953   0.07519412 -0.00959717 ...  0.03154363 -0.00568528
 -0.01535326]"
1L63,AA98S,-2.5,"[ 0.27279535  0.07519412 -0.00959721 ...  0.06401428 -0.0020683
 -0.00896871]"
1L63,AA98V,-3.2,"[ 0.27279532  0.07519412 -0.00959714 ... -0.01988593  0.00415143
  0.0036177 ]"
1L63,LA99A,-4.5,"[ 0.28362712 -0.30986798 -0.11116229 ... -0.00184406 -0.00866419
 -0.00917155]"
1L63,LA99F,-0.3,"[ 2.8362712e-01 -3.0986792e-01 -1.1116229e-01 ...  2.2312243e-02
  3.0180439e-04  1.0874271e-03]"
1L63,LA99I,-1.5,"[ 2.8362715e-01 -3.0986798e-01 -1.1116226e-01 ... -4.8536919e-03
 -4.7054514e-04 -2.2351742e-05]"
1L63,LA99M,-0.6,"[ 0.28362715 -0.30986804 -0.11116226 ...  0.00743716 -0.00129578
 -0.00162733]"
1L63,LA99V,-2.0,"[ 0.2836271  -0.309868   -0.11116226 ... -0.00959225 -0.00053139
 -0.0012995 ]"
1L63,IA100A,-3.4,"[ 0.24302074 -0.38718927 -0.1649348  ...  0.05272041 -0.00583018
 -0.00579101]"
1L63,IA100M,-1.6,"[ 0.24302074 -0.3871893  -0.16493483 ...  0.00637794  0.00125487
  0.00560427]"
1L63,IA100V,-0.4,"[ 0.24302076 -0.38718924 -0.16493483 ...  0.01611517  0.00179953
  0.0006144 ]"
1L63,NA101A,-1.5,"[ 0.28133908 -0.04260272 -0.01986387 ... -0.07574076 -0.00499258
  0.00076491]"
1L63,MA102L,-1.0,"[ 0.25477132 -0.20259428 -0.14556043 ... -0.01012902  0.00271374
  0.00072974]"
1L63,VA103A,-2.2,"[ 0.36853498 -0.449116   -0.14184768 ...  0.03106546 -0.00773365
 -0.00893068]"
1L63,VA103I,-0.5,"[ 0.36853504 -0.44911593 -0.14184768 ... -0.01561707 -0.00338049
 -0.00321639]"
1L63,VA103M,-1.2,"[ 0.36853504 -0.44911593 -0.14184766 ... -0.01217488 -0.00270254
  0.00055188]"
1L63,FA104M,-0.4,"[ 0.23228966 -0.1005041  -0.12902029 ...  0.00335696 -0.00100668
 -0.00202203]"
1L63,QA105M,-1.2,"[ 0.2850721  -0.08334774 -0.04584807 ... -0.0371135  -0.00295718
  0.0066998 ]"
1L63,MA106I,0.2,"[ 0.11169924 -0.26152498 -0.19177128 ...  0.02040888 -0.00084391
 -0.01020044]"
1L63,MA106L,0.5,"[ 0.11169925 -0.2615251  -0.19177125 ...  0.01174207  0.00110064
 -0.00398654]"
1L63,MA106K,-3.4,"[ 0.11169925 -0.261525   -0.19177122 ...  0.06408423  0.00555064
 -0.00654405]"
1L63,TA109D,0.6,"[ 0.44138068 -0.24196684 -0.0497468  ... -0.10078727  0.01129288
  0.02066046]"
1L63,TA109N,0.1,"[ 0.44138065 -0.2419669  -0.04974674 ... -0.0932317   0.00989493
  0.02421588]"
1L63,VA111A,-1.3,"[ 0.3507737  -0.46838212 -0.09575243 ...  0.04450696 -0.00429409
 -0.00882542]"
1L63,VA111I,-0.9,"[ 3.5077372e-01 -4.6838215e-01 -9.5752463e-02 ... -2.5491778e-02
 -1.5729144e-03  4.1925907e-04]"
1L63,VA111M,-0.7,"[ 0.35077372 -0.46838212 -0.09575243 ... -0.0306253   0.00474771
  0.00869012]"
1L63,SA117F,1.1,"[ 0.403153   -0.21688902 -0.04193968 ... -0.11514056  0.01087257
  0.02476668]"
1L63,LA118A,-3.2,"[ 0.24151978 -0.3828191  -0.13412182 ...  0.06814086 -0.00641273
 -0.01555026]"
1L63,LA118M,-0.7,"[ 0.2415197  -0.38281918 -0.13412191 ...  0.06501293 -0.00501937
 -0.01186007]"
1L63,MA120L,0.5,"[ 0.19523025 -0.26895112 -0.12879951 ... -0.01298928  0.00765406
  0.00328106]"
1L63,MA120K,-1.6,"[ 0.1952302  -0.26895118 -0.12879954 ...  0.05503705  0.00270553
 -0.00581175]"
1L63,MA120Y,-0.1,"[ 1.9523023e-01 -2.6895118e-01 -1.2879951e-01 ...  2.0645455e-02
  1.3533633e-02 -4.0531158e-06]"
1L63,LA121M,-0.8,"[ 0.29486972 -0.2739938  -0.05939549 ... -0.02708939 -0.00323755
  0.00307482]"
1L63,AA129F,-1.2,"[ 0.26150224  0.06250429  0.04827365 ... -0.0459771   0.01139922
  0.02051884]"
1L63,AA129W,-2.2,"[ 0.26150224  0.06250429  0.04827368 ... -0.08151481  0.01306582
  0.02907896]"
1L63,AA130S,-1.0,"[ 0.3110801  -0.0179612   0.00888035 ...  0.10583998 -0.00445118
 -0.01592499]"
1L63,LA133F,-0.3,"[ 0.29611146 -0.27715817 -0.06809433 ... -0.01498041  0.00335547
  0.00796574]"
1L63,LA133M,-0.4,"[ 0.29611146 -0.2771581  -0.06809437 ... -0.01855079 -0.00229437
 -0.00067705]"
1L63,AA134S,-0.1,"[ 0.23459306 -0.04712373  0.02543674 ...  0.08198304  0.00056177
 -0.00621301]"
1L63,NA144E,0.5,"[ 0.31569186 -0.16306984 -0.0364725  ... -0.03838899  0.00433169
  0.00193197]"
1L63,VA149A,-3.2,"[ 0.40992936 -0.45510474 -0.12895899 ...  0.05698719 -0.00553586
 -0.00286651]"
1L63,VA149C,-2.0,"[ 0.40992936 -0.45510462 -0.12895899 ...  0.04210714 -0.00768026
  0.00197685]"
1L63,VA149G,-4.9,"[ 4.09929365e-01 -4.55104738e-01 -1.28959015e-01 ...  4.03975807e-02
 -1.27839595e-02 -7.99298286e-05]"
1L63,VA149I,-0.1,"[ 0.40992936 -0.4551047  -0.12895896 ... -0.01562447 -0.00164955
  0.00142312]"
1L63,VA149M,-2.8,"[ 0.40992942 -0.45510468 -0.12895899 ... -0.02572413  0.00361653
  0.02018726]"
1L63,VA149T,-2.8,"[ 0.4099293  -0.45510474 -0.12895896 ...  0.14486048 -0.00606755
 -0.01794565]"
1L63,VA149S,-4.4,"[ 0.40992934 -0.45510465 -0.12895899 ...  0.07135449 -0.00348921
 -0.00439858]"
1L63,TA152A,-1.5,"[ 0.4650859  -0.09654546 -0.04693271 ... -0.11365156  0.00146029
  0.01023   ]"
1L63,TA152C,-0.5,"[ 0.4650859  -0.09654552 -0.04693271 ... -0.11356898 -0.0036827
  0.01804417]"
1L63,TA152I,-0.4,"[ 0.46508586 -0.0965454  -0.04693271 ... -0.1768646   0.00536706
  0.01354742]"
1L63,TA152S,-2.0,"[ 4.6508580e-01 -9.6545398e-02 -4.6932727e-02 ... -2.5139198e-02
 -2.3141243e-03 -3.8284063e-04]"
1L63,TA152V,0.2,"[ 0.4650858  -0.0965454  -0.04693268 ... -0.16648401  0.00871219
  0.02122408]"
1L63,FA153A,-3.8,"[ 0.2658776  -0.05066103 -0.13050999 ...  0.08370917 -0.00824009
 -0.0277549 ]"
1L63,FA153I,-0.2,"[ 0.2658776  -0.05066097 -0.13050996 ... -0.00293742 -0.00136065
 -0.01128954]"
1L63,FA153L,0.3,"[ 0.2658776  -0.05066097 -0.13050996 ...  0.02444029 -0.00132103
 -0.00953966]"
1L63,FA153M,-0.6,"[ 0.26587763 -0.05066097 -0.13050999 ...  0.00037713  0.00074818
 -0.00269568]"
1L63,FA153V,-1.8,"[ 2.6587754e-01 -5.0660908e-02 -1.3050996e-01 ...  3.0624252e-02
  3.5729259e-05 -1.4137685e-02]"
1LZ1,VA2A,-1.5,"[ 0.40845057 -0.5833785  -0.10862587 ...  0.09100717 -0.00965028
 -0.00882041]"
1LZ1,VA2G,-2.29,"[ 0.40845054 -0.58337855 -0.10862581 ...  0.05824009 -0.01431832
  0.0056172 ]"
1LZ1,VA2S,-1.4,"[ 0.40845057 -0.58337843 -0.10862578 ...  0.14448519 -0.01004647
 -0.01075888]"
1LZ1,VA2Y,-0.4,"[ 0.40845057 -0.58337855 -0.10862581 ...  0.03302197 -0.01116889
 -0.00709271]"
1LZ1,VA2D,-1.4,"[ 4.08450574e-01 -5.83378553e-01 -1.08625785e-01 ...  1.22294076e-01
  4.94100153e-04 -1.57207251e-03]"
1LZ1,VA2N,-1.3,"[ 0.40845057 -0.5833785  -0.10862584 ...  0.11322915 -0.00391123
  0.00060678]"
1LZ1,VA2R,-0.4,"[ 0.40845054 -0.58337855 -0.10862587 ...  0.04694404 -0.01003414
 -0.00735861]"
1LZ1,VA2L,-0.05,"[ 0.40845057 -0.58337855 -0.10862584 ... -0.00133161 -0.00138192
  0.00675273]"
1LZ1,VA2M,-0.2,"[ 0.40845057 -0.5833785  -0.10862581 ...  0.00482061 -0.0022462
  0.00745541]"
1LZ1,VA2F,-0.8,"[ 0.40845054 -0.58337855 -0.10862584 ...  0.08508178 -0.00753474
  0.00164098]"
1LZ1,YA20F,-0.5,"[ 0.19658516 -0.01903957 -0.10106753 ... -0.00417916 -0.00420034
 -0.00139391]"
1LZ1,IA23A,-2.5,"[ 0.23951097 -0.447155   -0.21742137 ...  0.01360533 -0.00236585
  0.00103813]"
1LZ1,IA23V,-0.4,"[ 2.3951097e-01 -4.4715500e-01 -2.1742140e-01 ...  1.8435121e-02
  1.3379343e-03  3.5482645e-04]"
1LZ1,YA38F,-0.2,"[ 0.15406519  0.09686112 -0.12675379 ... -0.03100682 -0.00173214
  0.00990117]"
1LZ1,YA45F,0.1,"[ 0.24570562  0.02521884 -0.12096874 ...  0.01525807 -0.00300173
  0.00135815]"
1LZ1,AA47P,0.1,"[ 0.34743163 -0.03326786 -0.01837623 ...  0.06804901 -0.01590372
 -0.01718068]"
1LZ1,YA54F,-1.0,"[ 0.20724533  0.06350142 -0.11713164 ...  0.0125705  -0.00264291
  0.00379825]"
1LZ1,IA56A,-3.7,"[ 0.38333854 -0.3922721  -0.1883788  ...  0.04905922 -0.00467087
 -0.00824511]"
1LZ1,IA56T,-3.6,"[ 0.38333857 -0.3922721  -0.1883788  ...  0.08612869 -0.00214291
 -0.00785393]"
1LZ1,IA56V,-1.2,"[ 0.38333857 -0.39227217 -0.18837877 ...  0.01829829  0.00193752
 -0.00075817]"
1LZ1,IA59A,-1.7,"[ 0.2273258  -0.4133014  -0.20621644 ...  0.11029273 -0.0047797
 -0.01040393]"
1LZ1,IA59G,-3.8,"[ 0.22732578 -0.41330135 -0.20621644 ...  0.09604289 -0.0109475
 -0.00243998]"
1LZ1,IA59V,-1.1,"[ 0.22732575 -0.41330138 -0.20621638 ...  0.04941192  0.00121766
 -0.00279826]"
1LZ1,YA63F,-0.2,"[ 0.3489119   0.107952   -0.11528705 ...  0.01731703 -0.0035399
 -0.00241405]"
1LZ1,PA71G,-1.6,"[ 0.6210613  -0.26745605 -0.05435544 ... -0.04135451  0.00348127
  0.0201211 ]"
1LZ1,VA74A,-0.4,"[ 0.2772428  -0.44348544 -0.20000483 ...  0.01243287 -0.00721347
  0.00895017]"
1LZ1,VA74G,-0.1,"[ 0.27724275 -0.44348532 -0.2000048  ...  0.03095597 -0.01896925
  0.00580746]"
1LZ1,VA74I,0.45,"[ 0.2772428  -0.44348547 -0.20000477 ... -0.02689999 -0.00382979
 -0.00281435]"
1LZ1,VA74L,0.19,"[ 0.27724284 -0.44348544 -0.20000483 ... -0.03794008  0.00833236
  0.02992606]"
1LZ1,VA74M,0.65,"[ 0.27724278 -0.44348532 -0.2000048  ... -0.01958856 -0.00086111
  0.02035636]"
1LZ1,VA74F,-0.29,"[ 0.27724278 -0.4434853  -0.20000477 ... -0.00159076  0.00063401
  0.0241369 ]"
1LZ1,VA74Y,-0.3,"[ 0.27724284 -0.44348544 -0.20000477 ... -0.0088281   0.00471053
  0.02536726]"
1LZ1,VA74D,-0.4,"[ 0.2772428  -0.4434854  -0.20000477 ...  0.02693242 -0.00098744
  0.01260489]"
1LZ1,VA74N,-0.3,"[ 0.2772428  -0.44348544 -0.2000048  ...  0.03220996 -0.00298736
  0.01440334]"
1LZ1,VA74R,-0.1,"[ 0.2772428  -0.4434854  -0.20000477 ... -0.01605916  0.00814319
  0.02469879]"
1LZ1,VA74S,-0.4,"[ 0.2772428  -0.44348544 -0.20000483 ...  0.07735816 -0.00826034
  0.00309801]"
1LZ1,CA77A,-4.6,"[ 3.4553170e-01 -1.6518146e-01 -1.4811532e-01 ...  1.3378859e-03
 -2.6283413e-04 -6.8235397e-04]"
1LZ1,IA89A,-2.7,"[ 0.2178186  -0.31871462 -0.22749738 ...  0.1158302  -0.00557679
 -0.01049465]"
1LZ1,IA89V,-0.5,"[ 2.1781863e-01 -3.1871459e-01 -2.2749738e-01 ...  6.7199290e-02
  2.9699877e-04 -3.4800768e-03]"
1LZ1,DA91P,-0.4,"[ 0.3163054  -0.2822245  -0.03507394 ... -0.07849404 -0.00753462
  0.01697195]"
1LZ1,VA93A,-0.7,"[ 0.3991234  -0.4433425  -0.11663331 ...  0.08297437 -0.01290716
 -0.01377225]"
1LZ1,VA99A,-1.0,"[ 0.37765464 -0.4467345  -0.09214084 ...  0.03841662 -0.01684352
 -0.01874936]"
1LZ1,VA100A,-0.3,"[ 0.41507086 -0.3936193  -0.16853745 ...  0.09395671 -0.00691192
 -0.01831812]"
1LZ1,PA103G,-0.1,"[ 0.6981538  -0.29569218 -0.02582048 ... -0.12029599  0.00646485
  0.02868462]"
1LZ1,IA106A,-0.9,"[ 2.2948349e-01 -3.6398819e-01 -2.4167351e-01 ...  4.0010050e-02
 -3.2740459e-04 -4.3762922e-03]"
1LZ1,IA106V,-0.7,"[ 0.22948349 -0.36398816 -0.2416736  ...  0.01978999  0.00383457
  0.00081271]"
1LZ1,VA110A,0.5,"[ 0.3845766  -0.5065235  -0.10006444 ...  0.02352203 -0.00405836
  0.0036729 ]"
1LZ1,VA110D,0.2,"[ 0.3845766  -0.5065233  -0.10006456 ...  0.09079904  0.00815768
  0.00499403]"
1LZ1,VA110G,0.48,"[ 0.38457662 -0.5065233  -0.10006444 ... -0.02916256 -0.00664304
  0.02091658]"
1LZ1,VA110I,0.86,"[ 0.38457662 -0.5065234  -0.1000645  ... -0.03328324 -0.00180415
  0.00457954]"
1LZ1,VA110L,0.1,"[ 0.38457662 -0.50652325 -0.1000645  ... -0.0041239   0.00534118
  0.01110697]"
1LZ1,VA110M,0.4,"[ 0.3845766  -0.5065234  -0.1000645  ... -0.03791765  0.00223259
  0.01369131]"
1LZ1,VA110N,0.1,"[ 0.3845766  -0.5065233  -0.10006447 ...  0.06880254  0.00223446
  0.01507986]"
1LZ1,VA110R,0.9,"[ 0.38457656 -0.5065233  -0.1000645  ...  0.02484412  0.00627485
  0.02590942]"
1LZ1,VA110F,-0.05,"[ 0.3845766  -0.5065233  -0.10006447 ...  0.03249609  0.00651404
  0.02299607]"
1LZ1,VA110P,0.5,"[ 0.3845766  -0.5065234  -0.10006447 ...  0.05597163 -0.01432306
  0.00307924]"
1LZ1,VA110Y,-0.1,"[ 0.3845766  -0.5065233  -0.10006447 ...  0.04243075  0.00994517
  0.02226621]"
1LZ1,VA121A,-1.4,"[ 0.28766268 -0.4184697  -0.19420932 ...  0.07641459 -0.01682281
 -0.02686203]"
1LZ1,YA124F,-0.4,"[ 0.16669825  0.13407081 -0.13036068 ... -0.02523156 -0.00424604
  0.00338233]"
1LZ1,VA125A,-1.3,"[ 0.36426115 -0.4593556  -0.17233427 ...  0.04426485 -0.0073365
 -0.00935543]"
1LZ1,VA130A,-0.8,"[ 0.24511038 -0.5115949  -0.20613687 ...  0.0077231  -0.00539529
 -0.00661176]"
1OH0,YA32F,0.2,"[ 0.15613385  0.08301866 -0.08421279 ...  0.00393853  0.0009707
  0.00396514]"
1OH0,YA57F,-1.2,"[ 0.22439732  0.06482899 -0.09379838 ...  0.00394727 -0.0031826
  0.0056749 ]"
1RN1,QC25K,0.93,"[ 0.3711349  -0.1069172  -0.03033823 ...  0.01730911 -0.00375095
  0.00225472]"
1VQB,IA47L,-0.4,"[ 0.19945192 -0.410229   -0.22585706 ...  0.03077681  0.0011559
  0.00517327]"
1VQB,IA47M,-1.7,"[ 0.19945191 -0.41022894 -0.22585706 ...  0.02793546 -0.00455807
  0.0010612 ]"
1VQB,IA47V,-2.0,"[ 0.1994519  -0.4102289  -0.225857   ...  0.01345627  0.000675
 -0.00276458]"
1VQB,VA35I,-0.6,"[ 3.5758594e-01 -4.3609628e-01 -1.4586841e-01 ...  1.7462671e-03
  2.0233542e-04  4.7432780e-03]"
1VQB,YA41F,-3.2,"[ 0.28937387  0.1288045  -0.1447856  ...  0.03570894 -0.00931464
 -0.00158936]"
2LZM,IA3L,0.7,"[ 0.21897945 -0.47981197 -0.24960287 ... -0.00207083  0.00364566
  0.01383454]"
2LZM,IA3C,1.2,"[ 0.21897945 -0.4798121  -0.24960284 ...  0.05440239 -0.00729537
  0.00236994]"
2LZM,IA3P,-3.0,"[ 0.21897943 -0.47981203 -0.24960278 ...  0.09793521 -0.00965517
 -0.00079352]"
2LZM,IA3Y,-2.3,"[ 0.2189795  -0.47981206 -0.24960293 ...  0.01696828  0.00164423
  0.00593919]"
2LZM,IA3V,-0.4,"[ 0.21897945 -0.479812   -0.24960284 ...  0.00200142  0.00190891
  0.0057593 ]"
2LZM,MA6I,-1.4,"[ 0.23268642 -0.20245323 -0.16575049 ...  0.01987051 -0.00436997
 -0.01753354]"
2LZM,KA16E,0.5,"[ 0.11298592 -0.0613386  -0.04572631 ... -0.00440216  0.00487414
  0.00048053]"
2LZM,SA38D,0.6,"[ 0.3006431  -0.1420973  -0.09467922 ... -0.02474996  0.01947148
  0.00830394]"
2LZM,NA55G,-0.6,"[ 0.24597456 -0.07511586 -0.05539843 ... -0.05356261 -0.01167368
  0.00298619]"
2LZM,KA60P,-0.001,"[ 0.17473643 -0.08219635 -0.00359815 ...  0.02582431 -0.01903675
 -0.01646549]"
2LZM,GA77A,0.4,"[ 0.13054083  0.05749196  0.04140429 ...  0.03014974  0.00371849
 -0.01254404]"
2LZM,AA82P,0.8,"[ 0.33419693 -0.03702635  0.04721627 ...  0.05579362 -0.00640102
 -0.00117368]"
2LZM,KA85A,-0.6,"[ 0.21475492 -0.0038327  -0.04224209 ...  0.00635232 -0.01143302
 -0.01360965]"
2LZM,DA89A,-0.5,"[ 0.31011376 -0.32353318 -0.05056757 ... -0.03264195 -0.01796097
 -0.01146829]"
2LZM,RA96A,-2.0,"[ 0.1196989   0.03288096 -0.0465025  ...  0.02078336 -0.0082989
 -0.01043552]"
2LZM,RA96D,-3.5,"[ 0.11969888  0.03288102 -0.0465025  ...  0.08743607  0.002073
 -0.01029629]"
2LZM,RA96M,-2.7,"[ 0.1196989   0.03288096 -0.0465025  ... -0.0543768  -0.0018432
  0.0047304 ]"
2LZM,RA96E,-2.5,"[ 0.1196989   0.0328809  -0.04650247 ... -0.04604596  0.00354546
  0.00516492]"
2LZM,RA96G,-2.6,"[ 0.1196989   0.03288102 -0.04650252 ... -0.02353214 -0.0142761
  0.00448412]"
2LZM,RA96Q,-0.3,"[ 0.1196989   0.03288096 -0.0465025  ... -0.04251567  0.00197858
  0.00082445]"
2LZM,RA96H,-3.1,"[ 0.11969894  0.03288102 -0.0465025  ...  0.00396433 -0.00542381
 -0.01225096]"
2LZM,RA96N,-3.0,"[ 0.11969888  0.03288096 -0.04650249 ...  0.06884963 -0.00632192
 -0.01029664]"
2LZM,RA96K,-0.001,"[ 0.11969888  0.03288096 -0.04650252 ... -0.02465732 -0.00147807
  0.00288838]"
2LZM,RA96S,-2.6,"[ 0.11969891  0.03288096 -0.04650249 ...  0.08689348 -0.00816347
 -0.01744246]"
2LZM,RA96Y,-4.7,"[ 0.11969893  0.03288102 -0.04650247 ... -0.04462492  0.00371781
  0.00297856]"
2LZM,RA96V,-2.4,"[ 0.11969888  0.03288102 -0.04650252 ... -0.03690201 -0.00219373
 -0.00418055]"
2LZM,RA96W,-4.5,"[ 1.1969888e-01  3.2881021e-02 -4.6502486e-02 ... -7.3050708e-03
 -1.0120496e-04 -8.9293718e-04]"
2LZM,AA98V,-4.9,"[ 0.26209337  0.03887028 -0.02128179 ... -0.03155489  0.00483471
  0.00428027]"
2LZM,QA105A,-0.6,"[ 0.30953497 -0.07524109 -0.05765814 ... -0.01461301 -0.00679596
 -0.00397205]"
2LZM,QA105E,-1.1,"[ 0.30953494 -0.07524097 -0.05765817 ...  0.00131656 -0.00112041
  0.00075889]"
2LZM,QA105G,-1.5,"[ 0.30953494 -0.07524109 -0.05765815 ... -0.01745915 -0.00703069
  0.00322896]"
2LZM,GA113A,0.3,"[ 0.19042946  0.15649676  0.06580976 ...  0.01499166  0.00409303
 -0.02203494]"
2LZM,TA115E,0.3,"[ 0.4772366  -0.2302643  -0.08128791 ... -0.1371955   0.00851259
  0.01938522]"
2LZM,NA116D,0.6,"[ 0.30850115 -0.20050746 -0.08149131 ... -0.01653187  0.00449012
 -0.0012185 ]"
2LZM,RA119E,-0.04,"[ 0.14558859 -0.01843899 -0.05280276 ...  0.00340205  0.00256234
 -0.00766742]"
2LZM,QA123E,0.4,"[ 0.29303834 -0.03513092 -0.03688653 ...  0.01805048 -0.00095293
  0.00150776]"
2LZM,KA124G,-0.1,"[ 0.17267695  0.09543383 -0.00677565 ...  0.00381705 -0.0131527
 -0.00330949]"
2LZM,VA131A,0.3,"[ 0.37699634 -0.5897519  -0.16696475 ...  0.02617083 -0.00820224
 -0.00811791]"
2LZM,VA131D,0.1,"[ 0.37699637 -0.58975184 -0.16696478 ...  0.05178936  0.00264966
 -0.00574166]"
2LZM,VA131G,-0.7,"[ 0.37699637 -0.589752   -0.16696475 ...  0.00446314 -0.01204862
  0.00644767]"
2LZM,VA131I,0.2,"[ 3.7699634e-01 -5.8975190e-01 -1.6696481e-01 ... -1.9313425e-02
 -2.5849640e-03 -1.3172626e-04]"
2LZM,VA131L,0.1,"[ 0.37699637 -0.5897518  -0.16696472 ... -0.00368167 -0.00099166
  0.00382239]"
2LZM,VA131S,-0.1,"[ 0.37699637 -0.589752   -0.16696472 ...  0.08742358 -0.00750623
 -0.00977838]"
2LZM,VA131M,0.1,"[ 0.37699643 -0.58975196 -0.1669647  ... -0.00873433 -0.00329334
  0.00407803]"
2LZM,VA131E,0.2,"[ 0.37699637 -0.58975196 -0.16696472 ... -0.00107403  0.00072195
  0.00197154]"
2LZM,LA133A,-4.2,"[ 0.2940111  -0.29416677 -0.08816724 ...  0.08044645 -0.00999537
 -0.02423799]"
2LZM,KA135E,-1.0,"[ 0.14691749  0.00020278 -0.06944132 ...  0.00811043  0.00131232
 -0.00196451]"
2LZM,NA144D,0.4,"[ 0.3203967  -0.17717457 -0.06408848 ... -0.02340131  0.00295759
  0.00103533]"
2LZM,KA147E,-0.7,"[ 0.21224475 -0.0679664  -0.04915817 ...  0.00326982  0.00152548
 -0.00536615]"
2LZM,VA149C,-2.2,"[ 0.4127449  -0.46528298 -0.13200529 ...  0.06808817 -0.01806812
 -0.01537502]"
2LZM,TA152S,-2.6,"[ 0.44518167 -0.10457748 -0.06654914 ... -0.02919997 -0.00156156
  0.00058502]"
2LZM,RA154E,-1.1,"[ 0.1786788   0.01566285 -0.04333372 ... -0.04921642  0.00396924
  0.00721908]"
2LZM,GA156D,-2.3,"[ 0.18346988  0.02021301  0.0132035  ...  0.09807101  0.01240981
 -0.0179736 ]"
2LZM,TA157A,-0.5,"[ 0.51570773 -0.18094325 -0.10492717 ... -0.1079604   0.00099972
  0.00651544]"
2LZM,TA157C,-1.3,"[ 0.51570773 -0.18094343 -0.1049272  ... -0.082054   -0.0087858
  0.00786895]"
2LZM,TA157D,-1.1,"[ 0.5157078  -0.18094334 -0.1049272  ... -0.10601385  0.00613479
  0.00933582]"
2LZM,TA157E,-0.8,"[ 0.51570773 -0.18094337 -0.10492723 ... -0.11692274  0.00889427
  0.01728386]"
2LZM,TA157F,-2.4,"[ 0.5157078  -0.18094328 -0.1049272  ... -0.10596667  0.00607119
  0.01890063]"
2LZM,TA157G,-1.1,"[ 0.51570773 -0.18094334 -0.10492723 ... -0.1197987  -0.00298968
  0.01906621]"
2LZM,TA157H,-2.1,"[ 0.5157077  -0.18094334 -0.10492723 ... -0.12328887  0.00630886
  0.01762396]"
2LZM,TA157I,-1.5,"[ 0.5157077  -0.18094334 -0.10492717 ... -0.14449573  0.00418067
  0.01099181]"
2LZM,TA157L,-1.7,"[ 0.51570773 -0.18094331 -0.10492723 ... -0.12904248  0.00669594
  0.01633197]"
2LZM,TA157N,-1.2,"[ 0.51570773 -0.18094343 -0.10492723 ... -0.02052282 -0.0013603
  0.00082392]"
2LZM,TA157R,0.3,"[ 0.5157077  -0.18094337 -0.10492726 ... -0.09348931  0.00344035
  0.01032692]"
2LZM,TA157S,-0.7,"[ 0.51570773 -0.18094343 -0.10492723 ... -0.03850347 -0.00167314
  0.0023703 ]"
2LZM,TA157V,-1.2,"[ 0.51570773 -0.18094331 -0.10492714 ... -0.12438049  0.00533387
  0.01092529]"
2RN2,DA10N,0.9,"[ 0.26086557 -0.37168112 -0.06980285 ...  0.01371393 -0.00159627
  0.00120294]"
2RN2,EA48Q,0.2,"[ 0.26981384 -0.14311504 -0.04319625 ... -0.01593886  0.00080724
  0.00197345]"
2RN2,AA52F,-0.5,"[ 0.30512914 -0.01069635 -0.01840198 ...  0.04925859  0.00043952
 -0.00761795]"
2RN2,AA52I,1.9,"[ 0.3051292  -0.01069635 -0.01840195 ... -0.0146465   0.00371794
  0.00185704]"
2RN2,AA52L,1.3,"[ 0.30512923 -0.01069641 -0.01840195 ... -0.0058111   0.0028597
  0.00339204]"
2RN2,AA52V,1.7,"[ 0.30512917 -0.01069647 -0.01840191 ... -0.01062822  0.00557337
  0.00379622]"
2RN2,HA62A,0.4,"[ 0.17590275  0.0078088  -0.04695952 ...  0.07426755 -0.01175284
 -0.01941949]"
2RN2,HA62P,1.1,"[ 0.17590277  0.00780869 -0.04695952 ...  0.10434045 -0.01662368
 -0.01900715]"
2RN2,DA70N,0.9,"[ 0.18202859 -0.29062474 -0.09986223 ...  0.00114176 -0.00307988
  0.00047904]"
2RN2,VA74L,0.19,"[ 3.7508929e-01 -4.5456117e-01 -7.2077498e-02 ... -4.2021368e-02
 -3.8850307e-04  4.0689111e-03]"
2RN2,VA74I,0.45,"[ 0.3750893  -0.4545611  -0.0720775  ... -0.04103435 -0.00240466
  0.00106943]"
2RN2,GA77A,-0.9,"[ 0.19042666  0.1599614   0.04061465 ...  0.0515189   0.0064635
 -0.01384866]"
2RN2,KA95A,0.1,"[ 0.1071272   0.06403464 -0.09780066 ...  0.06217216 -0.01916485
 -0.02764046]"
2RN2,KA95G,1.9,"[ 0.10712725  0.06403464 -0.09780066 ... -0.0277086  -0.02782774
  0.00708616]"
2RN2,KA95N,0.9,"[ 0.10712726  0.0640347  -0.09780066 ...  0.10604481 -0.00149319
 -0.00065881]"
2RN2,DA134A,2.1,"[ 0.30861065 -0.25515473 -0.00897692 ... -0.06103615 -0.01032493
  0.00181866]"
2RN2,DA134H,2.3,"[ 0.30861068 -0.25515467 -0.00897697 ... -0.08349296 -0.00256735
  0.01204169]"
2RN2,DA134N,1.0,"[ 0.30861065 -0.25515473 -0.00897689 ...  0.04960829 -0.00792581
 -0.00584298]"
4LYZ,MA12F,0.5,"[ 0.26037598 -0.24858546 -0.13311349 ...  0.01549286  0.00220744
  0.00598133]"
4LYZ,MA12L,-0.4,"[ 2.6037598e-01 -2.4858552e-01 -1.3311349e-01 ...  2.9360980e-02
  1.1919960e-03 -1.5300512e-04]"
4LYZ,TA40S,-0.3,"[ 5.2551275e-01 -5.1816940e-02 -7.3340073e-02 ... -2.6963621e-02
 -6.5476820e-03 -4.9203634e-04]"
4LYZ,GA49A,-1.9,"[ 0.17452662  0.19800162  0.03686704 ...  0.00863028  0.00484879
 -0.01295328]"
4LYZ,IA55V,-0.9,"[ 2.9670009e-01 -3.3444756e-01 -2.4088515e-01 ...  1.6790166e-02
  3.2448769e-04 -2.2699237e-03]"
4LYZ,IA58M,-1.2,"[ 0.24808152 -0.43521616 -0.20789118 ...  0.00143944  0.00329982
  0.00670707]"
4LYZ,GA67A,-0.5,"[ 0.14706703  0.11889189  0.04001102 ...  0.05737764  0.00807675
 -0.02488428]"
4LYZ,GA71A,-0.38,"[ 0.23330452  0.04356045  0.02243264 ...  0.05753803  0.00574229
 -0.02136081]"
4LYZ,IA78M,-0.9,"[ 0.2674063  -0.38533092 -0.2533977  ...  0.00373504 -0.0030782
  0.00744092]"
4LYZ,SA91A,-1.8,"[ 0.41996288 -0.18639344 -0.03070578 ... -0.05297968 -0.00137928
  0.00442564]"
4LYZ,SA91T,1.0,"[ 0.41996282 -0.18639353 -0.03070582 ...  0.00792331  0.00543899
  0.00804472]"
4LYZ,IA98M,-0.9,"[ 0.37990338 -0.3667205  -0.19915001 ... -0.00193898  0.00233909
  0.00369895]"
4LYZ,GA102A,0.02,"[ 0.1291579   0.03574079  0.02545558 ...  0.1321944   0.01487969
 -0.00993431]"
4LYZ,GA117A,-1.46,"[ 0.28111097  0.02052373  0.00812274 ...  0.04355156  0.00732531
 -0.01478499]"
5PTI,FA22A,-1.2,"[ 0.18699902 -0.02928442 -0.13330768 ...  0.01611499 -0.00816617
 -0.0156036 ]"
5PTI,YA23A,-5.9,"[ 0.0976938   0.03740162 -0.08276697 ...  0.05155595 -0.01240377
 -0.01452786]"
5PTI,YA35G,-5.0,"[ 0.20081599  0.04237336 -0.09319259 ... -0.00500522 -0.01977289
 -0.00887328]"
5PTI,NA43G,-5.7,"[ 0.2787032   0.1057387  -0.07128303 ... -0.17517371 -0.00567217
  0.01279587]"
5PTI,FA45A,-6.9,"[ 0.23250903 -0.13289338 -0.13369344 ...  0.05123688 -0.00787625
 -0.02287012]"
